Target,Simbad Name,RA,DEC,SpType,SpType Letter,SpType Decimal,SpType Decimal Unc,i disk (deg),i disk Unc,Rstar (Rsun),Rstar Unc,Mstar (Msun),Mstar Unc,Prot (d),Prot Unc,vsini (km/s),vsini Unc,Teff (K),Teff Unc,Age (Myr),Age +Unc,Age -Unc,i star (deg),i star +Unc,i star -Unc,disk diff,disk diff +Unc,disk diff -Unc,Veq,Veq Unc,Rdisk (au),Rdisk +Unc,Rdisk -Unc
2MASS J04124068+2438157,2MASS J04124068+2438157,04 12 40.7112,24 38 15.404,M4.3,M,4.3,0.01,15.84,0.76,0.987,0.17237214,0.377,0.377,5.719756098,0.212040544,6.442666667,0.657230807,3337.246846,3.292737913,4.3,1.9,1.9,48.21,21.38064853,10.77699541,34.2,19.49423848,12.70800179,8.730271943,1.558648288,126,0.9,0.6
2MASS J04202555+2700355,2MASS J04202555+2700355,04 20 25.5570,27 00 35.5485,M5.3,M,5.3,0.01,38.25,0.25,0.858,0.365147915,0.247257308,0.012584702,2.24,0.084520013,14.2,0.75,3083.268184,32.08894716,6.62,0.11,0.11,47.29,29.75922721,11.21400604,0.2,30.49246058,0.2,19.37882312,8.279596781,21.09,0.04,0.04
2MASS J04334465+2615005,2MASS J04334465+2615005,04 33 44.6585,26 15 00.4362,M5.2,M,5.2,0.01,57.565,0.065,1.475,0.446850087,0.13030303,0.034815531,5.876692308,0.220570041,15.97,0.7985,3142.546947,4.29226991,3,2.828427125,2.828427125,90,-2.92E-05,21.75312253,32.1,0.201002604,21.08555141,12.69834719,3.876365789,46.22,0.08,0.07
2MASS J04343128+1722201,2MASS J04343128+1722201,04 34 31.2885,17 22 20.1224,M4.3,M,4.3,0.01,68.54,0.23,0.901,0.157352885,0.372,0.101823376,6.016371134,0.24445502,8.702885,0.558904271,3293.534632,3.83569764,7.2,3,3,90,-2.53E-05,18.92652219,0.2,13.79762224,0.2,7.576668766,1.358548264,81.2,0.8,0.8
2MASS J04360131+1726120,2MASS J04360131+1726120,04 36 01.3135,17 26 12.0912,M2.7,M,2.7,0.01,53.42,1.45,0.983,0.076164689,0.535,0.06363961,2.71,0.063850984,16.39457,0.8197285,3592.053734,85.67183878,2.5,2.5,2.5,63.58,15.06665163,8.394980691,7.1,13.98814399,7.1,18.3515333,1.486199394,13.2,0.4,0.3
2MASS J11004022-7619280,2MASS J11004022-7619280,11 00 40.2419,-76 19 28.0069,M4.0,M,4,0.01,4.395,3.075,0.907,0.15840074,0.315032826,0.032036314,2.79,0.073270073,5.4,0.8,3340.914424,64.50721085,3.515142048,0.704299756,0.704299756,19.6,6.457004581,4.536706442,15,7.322977575,5.204162916,16.4471712,2.904668946,99.06,15.24,13.335
2MASS J16083070-3828268,2MASS J16083070-3828268,16 08 30.6846,-38 28 27.288,K2.0,K,2,0.01,72.46,0.64,1.661,0.290081179,1.44245283,0.087415728,6.242028874,0.238445056,8,ulimit,4856.71782,53.18246355,2.5,0.3,0.3,27.99,11.18097962,14.46624099,45.5,13.24938839,12.41399344,13.46269443,2.406745524,100.75,4.65,3.1
AA Tau,AA Tau,04 34 55.4270,24 28 52.671,K7.0,K,7,0.01,59.1,0.3,2.4,1.644210984,0.624090175,0.042421714,8.199788362,0.34376099,11.62763523,0.304109326,3879.855887,172.8753382,1.498523853,0.241649143,0.241649143,51.79,32.07662861,11.28800137,2.3,19.38334937,2.3,14.80801098,10.16376606,139.4,1.2,1.2
AS 209,AS 209,16 49 15.2946,-14 22 09.057,K4.0,K,4,0.01,34.97,0.13,2.011,0.351206051,1.102281468,0.089690892,8.515,0.387981986,10.40493505,0.374236986,4118.801339,87.30849287,1.290618633,0.197329291,0.197329291,60.68,20.56045044,9.481979416,26.1,20.00799415,10.03479547,11.94855942,2.15657849,139,1,1
BP Tau,BP Tau,04 19 15.8458,29 06 26.471,K7.0,K,7,0.01,38.2,0.5,1.41,0.171294162,0.65990261,0.055406561,7.344095517,0.286118097,9.066889711,0.374753285,3843.124499,14.19622922,1.391911405,0.166724302,0.166724302,69.23,17.26669809,7.729992235,29.1,19.36113455,5.648978844,9.71334748,1.239221288,40.8954,0,0
CI Tau,CI Tau,04 33 52.0257,22 50 30.094,K7.0,K,7,0.01,49.985,0.115,1.679,0.293224744,0.902691919,0.019086849,9.004990518,0.413509218,10.21605796,0.264033729,4049.73706,74.29054961,1.13809847,0.19509465,0.19509465,90,-2.76E-05,20.21877163,38.2,1.661030659,18.60106278,9.433124481,1.703420835,173.8,0.47,0.32
CIDA-7,CIDA-7,04 42 21.0216,25 20 34.3060,M4.7,M,4.7,0.01,31.36,0.29,0.706,0.054095623,0.509807315,0.017906907,1.895,0.024161251,19.1,0.955,2997.400412,77.91076023,3,2.828427125,2.828427125,90,-2.38E-05,17.05813048,54.7,3.621992905,13.55235083,18.84879608,1.464103809,13.16,0.02,0.02
CR Cha,CR Cha,10 59 06.8530,-77 01 40.270,K0.0,K,0,0.01,31,1.4,2.25,0.392945607,1.797312375,0.156275694,2.3,0.202053184,36.48565069,0.96430799,5036.304427,61.94272985,1.958126167,0.490329588,0.490329588,47.54,21.33506136,10.00104647,16.3,21.71299181,9.781423713,49.4928897,9.675509781,120,0,0
CX Tau,CX Tau,04 14 47.8729,26 48 10.620,M2.5,M,2.5,0.01,55.1,1,1.388,0.242403779,0.369058089,0.01210239,3.31,0.099319946,20.06296461,0.442073474,3681.313553,42.52106056,2.280010561,0.100335973,0.100335973,71.11,18.8899604,7.506054627,0.7,21.74566866,0.7,21.21532072,3.759386056,29.4,2.54,2.25
DN Tau,DN Tau,04 35 27.3853,24 14 58.545,M0.3,M,0.3,0.01,35.17,0.21,3.552,0.620330131,0.600258654,0.039580248,6.314237753,0.210309484,10.70287053,0.301449756,3883.865159,32.09350924,1.137998851,0.055971755,0.055971755,22.11,6.261502547,3.990010513,12.8,3.952777151,5.805006687,28.4603447,5.059971445,56.06,0.13,0.13
DoAr 25,DoAr 25,16 26 23.6810,-24 43 14.346,K4.0,K,4,0.01,67.4,0.2,2.513,0.201106242,0.919980135,0.09051357,9.02,0.671194164,15.9,0.795,4326.471152,144.7232524,5.474931583,0.571242108,0.571242108,90,-1.92E-05,14.61775057,21.7,0.673004734,13.64517155,14.0952921,1.54028266,165,1,1
DoAr 44,DoAr 44,16 31 33.4560,-24 27 37.582,K3.0,K,3,0.01,21.8,0.9,1.58,0.275935137,1.343887791,0.066101091,2.96,0.050560344,16.28520924,0.54927126,4614.587471,48.55129121,2.180772599,0.283570697,0.283570697,37.14,13.79855091,7.641966561,15.3,13.8340276,7.747413846,27.00557975,4.738826552,60,0,0
Elias 2-24,Elias 2-24,16 26 24.0784,-24 16 13.881,K5.5,K,5.5,0.01,29,0.3,4.09,0.155563492,0.855367483,0.109958486,6.58,0.33614449,16.19483227,0.93866509,4055.631073,138.1153811,0.2,0.4,0.4,31.11,3.239998015,2.846839616,0.1,3.945705809,0.1,31.44745785,2.002890886,136,1,1
EX Lup,EX Lup,16 03 05.4915,-40 18 25.4267,M0.5,M,0.5,0.01,32.4,0.9,1.425,0.248865551,0.57121823,0.072959235,7.416991271,0.283051679,6.029434954,1.377498924,3898.16229,46.90981062,1.186221409,0.289047068,0.289047068,40.67,22.31536765,12.70195909,0.1,25.60185596,0.1,9.720200554,1.737616941,22.9,1.2,0.9
FP Tau,FP Tau,04 14 47.3150,26 46 26.017,M2.5,M,2.5,0.01,66,4,1.375,0.240133426,0.391069307,0.007809616,2.191100124,0.026444608,31.03675096,0.836759526,3508.631146,63.77519919,0.793164876,0.259763682,0.259763682,78.04,11.95996423,12.6246888,0.2,14.50424592,0.2,31.74889423,5.557930556,95,5,5
FT Tau,FT Tau,04 23 39.1984,24 56 13.868,M2.8,M,2.8,0.01,35.54,0.15,1.5,0.114657097,0.40016735,0.009898515,6.03,0.283058736,10.2,0.56,3453.15231,11.4998494,1.583833546,0.101627978,0.101627978,54.38,12.82284086,8.18000244,18.8,12.76316626,8.237001881,12.58525664,1.128912632,42.04,0.01,0.13
GM Aur,GM Aur,04 55 10.9866,30 21 58.948,K6.0,K,6,0.01,53.21,0.009,1.492,0.260566598,1.134530086,0.019259823,6.002855101,0.192386455,13.96216042,0.387676815,4332.06596,30.35099779,3.027522864,0.154784297,0.154784297,90,-2.58E-05,19.09462583,35.5,1.21900064,17.87958714,12.57474225,2.232756893,168,0,0
GW Lup,GW Lup,15 46 44.7094,-34 30 36.086,M1.5,M,1.5,0.01,38.7,0.3,1.346,0.235068794,0.412058678,0.02525573,4.12,0.313325804,8,ulimit,3610.981674,32.3766828,2.311993312,0.326662751,0.326662751,22.27,8.954979006,11.39904382,16,10.34599631,8.648403892,16.52859632,3.14840889,105,1,1
IM Lup,IM Lup,15 56 09.1888,-37 56 06.541,K5.0,K,5,0.01,48.4,0.11,2.243,0.391723109,0.648294416,0.050876139,7.249014544,0.272056632,14.78970261,0.46858662,4158.516,74.91597231,0.900600954,0.131991124,0.131991124,71.03,18.96996013,7.618060625,22.5,18.71599934,7.853535128,15.65447227,2.796351176,264,1,1
IP Tau,IP Tau,04 24 57.0932,27 11 56.075,M0.5,M,0.5,0.01,45.235,0.325,1.543,0.121414243,0.548674032,0.030436762,5.649050279,0.18168682,11.12202916,0.328022028,3813.323949,26.97056353,2.603439247,0.118343341,0.118343341,53.66,10.32997819,6.917002827,8.1,8.181199682,8.1,13.81906358,1.174708384,34.58,0.13,0.26
IQ Tau,IQ Tau,04 29 51.5646,26 06 44.486,M1.0,M,1,0.01,62.115,0.195,2.252,0.176693749,0.694271267,0.017207948,6.28522175,0.210995938,14.08631836,0.421465373,3730.087183,26.56053285,0.961891636,0.178980112,0.178980112,51.06,8.984754424,6.3049996,10.5,4.775000836,7.540692649,18.12741639,1.547008534,95.89,0.66,1.05
LkCa 15,LkCa 15,04 39 17.8044,22 21 03.083,K5.5,K,5.5,0.01,50.16,0.03,1.607,0.280650485,1.158006745,0.0286878,5.757636503,0.176944133,14.75270685,0.346977228,4461.955535,36.83346455,2.402359036,0.248089619,0.248089619,90,-2.99E-05,21.50981269,36.9,2.831998078,18.68926595,14.12081499,2.503985661,156.3,2.5,1.6
MHO 6,MHO 6,04 32 22.1098,18 27 42.6498,M5.0,M,5,0.01,64.585,0.035,0.994,0.077280492,0.213446159,0.004828463,1.94,0.024922364,20.9315,1.046575,3103.636817,57.01406719,1.199337417,0.399163082,0.399163082,54.05,10.6819812,7.310005509,9.7,4.074107929,8.737008872,25.92225531,2.042704401,46.36,0.01,0.07
MP Mus,MP Mus,13 22 07.4136,-69 38 12.569,K1.0,K,1,0.01,32,1,1.529,0.26702837,1.322237163,0.057711047,3.72,0.116527614,13.8096405,0.347021959,4588.940529,7.948404953,3.584767803,0.425951529,0.425951529,41.65,16.86813625,8.730051112,9.3,14.64435368,9.3,20.79470074,3.689593637,46.9,0.3,0.3
MY Lup,MY Lup,16 00 44.5019,-41 55 31.340,K0.0,K,0,0.01,73.2,0.1,1.657,0.289382609,1.144852877,0.040771415,2.6,0.106486,29.1,2,4619.30093,37.99004382,7.114619484,0.346878782,0.346878782,65.06,20.34115208,8.953992572,3.5,11.15956232,3.5,32.24313708,5.783793893,87,1,1
PDS 111,PDS 111,05 24 37.2503,-08 42 01.7147,G2.0,G,2,0.01,58.2,0.1,1.879,0.168926436,1.130701198,0.061974737,3.15,0.096184237,21,1.05,5634.978522,84.88012295,40.2,40.2,40.2,44.23,7.872140735,5.791996583,13.8,5.373993694,7.343598777,30.17896598,2.86537983,54.45825,1.42065,9.471
PDS 70,PDS 70,14 08 10.1083,-41 23 52.994,K7.0,K,7,0.01,51.7,0.1,1.186,0.137015767,0.702439024,0.062469505,3.007000903,0.048745664,16.76934776,0.484385806,4016.798394,60.7565281,8.320371427,2.591580994,2.591580994,57.25,16.53998681,8.916237566,0.1,18.38789507,0.1,19.95442693,2.327871887,74,1,1
RU Lup,RU Lup,15 56 42.2939,-37 49 15.880,K7.0,K,7,0.01,18.8,1.6,1.801,0.314531128,0.850006322,0.084926947,3.676486906,0.084009383,8.500771648,0.637395025,4125.238752,69.06923579,0.927570912,0.271895356,0.271895356,20.18,5.789015559,3.852313958,0.1,6.015626319,0.1,24.78385266,4.365205733,63,1,1
RX J1615.3-3255,RX J1615.3-3255,16 15 20.2227,-32 55 05.507,K5.0,K,5,0.01,46.5,0.5,1.525,0.2663298,0.775163399,0.064676167,5.74193578,0.212108487,15,1.414213562,4329.841727,113.413792,1.07,0.296984848,0.296984848,90,-2.83E-05,20.97280945,40.6,2.557003713,18.63981118,13.43691723,2.398577473,169.6,2.1,1
RX J1842.9-3532,RX J1842.9-3532,18 42 57.9832,-35 32 43.298,K3.0,K,3,0.01,32,5,1.318,0.149786206,0.735574546,0.072219882,2.56,0.106112323,26.69,2.86,4619.372149,82.00041049,12.4206961,3.606943912,3.606943912,90,-3.06E-05,22.0730311,48,7.871625423,17.04003097,26.04735171,3.15093948,85.2,1.1,0.5
RX J1852.3-3700,RX J1852.3-3700,18 52 17.3056,-37 00 12.444,K4.0,K,4,0.01,30,5,1.199,0.134421891,0.884733109,0.049069703,2.822,0.56603633,19.74386053,0.940916371,4729.963638,57.40527177,16.44444444,3.771236166,3.771236166,67.01,21.55135606,8.504996995,38.2,16.88902771,14.24126117,21.49563618,4.939382027,69.9,0.7,0.7
RY Lup,RY Lup,15 59 28.3696,-40 21 51.638,K4.0,K,4,0.01,67.745,0.565,1.627,0.284143334,1.243887324,0.070677473,3.716124186,0.102964597,21.9139155,2.270558916,4896.35729,62.57325843,2.580253767,0.298688649,0.298688649,89.22,0.779963235,24.9698892,1.7,12.66350652,1.7,22.1505984,3.916818785,131.14,7.9,6.32
SU Aur,SU Aur,04 55 59.3923,30 34 01.074,G4.0,G,4,0.01,53.01,1.52,3.454,0.603215167,2.18,0.476864761,2.723421053,0.060936165,61.29068236,1.301145215,5726.782162,54.4045045,5.14025108,0.133444622,0.133444622,72.87,17.12996166,8.668603214,0.6,24.29153081,0.6,64.16462673,11.29746391,111,0,0
SY Cha,SY Cha,10 56 30.2633,-77 11 39.352,K2.0,K,2,0.01,51.7,1.2,1.629,0.284492619,0.8794,0.244472493,6.108217835,0.205031609,13.57998567,0.48291252,3931.97701,38.03770327,8.4,9.333809512,9.333809512,90,-3.33E-05,23.39641304,32,5.171369689,18.55100589,13.49257053,2.399505298,197.7,2.4,1.6
Sz 114,Sz 114,16 09 01.8343,-39 05 12.835,M5.0,M,5,0.01,21.3,1.3,1.475,0.257597676,0.201035477,0.028814305,2.005,0.029661146,8,ulimit,3279.431168,25.92287225,1.66996833,0.115712484,0.115712484,9.8,3.19019178,4.625003376,12,4.301996174,3.91728263,37.21909189,6.52331351,58,1,1
Sz 73,Sz 73,15 47 56.9231,-35 14 35.187,K8.5,K,8.5,0.01,49.76,3.95,1.4,0.3,0.736752796,0.123766572,1.92,0.053890642,31,3,3953.41707,31.41969776,4.009443254,0.399759335,0.399759335,58.01,22.97838013,10.38000889,1.1,22.02370593,1.1,36.89053353,7.972639401,41.57,0,0
Sz 90,Sz 90,16 07 10.0553,-39 11 03.703,K7.0,K,7,0.01,61.31,5.34,1.058,0.156616997,0.595668788,0.079813395,6.69,0.643297888,8,ulimit,3860.947095,40.64194856,2.018627451,0.485172296,0.485172296,52.28,26.92904202,20.2240477,2.2,22.09578674,2.2,8.0010628,1.412354586,20.31,0,0
T Cha,T Cha,11 57 13.2617,-79 21 31.681,G8.0,G,8,0.01,73,5,2.476050233,0.309292516,1.247142857,0.35046228,3.228829989,0.063181825,37.68314436,1.012701463,5485.264288,119.3995237,4.857932559,0.96734979,0.96734979,76.41,13.5899671,8.7032736,0.7,11.51310422,0.7,38.79738032,4.905426984,46,0,0
TW Hya,TW Hya,11 01 51.8083,-34 42 17.276,M0.5,M,0.5,0.01,6.95,2.85,1.052,0.130716677,0.721947427,0.0268825,3.510239295,0.067502441,4.930903649,0.369434622,3982.120542,32.78490238,6.523885203,0.379634403,0.379634403,19.09,3.504505575,2.734000423,12.5,4.535040984,3.990004107,15.16237193,1.906435533,57,0,0
V1094 Sco,V1094 Sco,16 08 36.1621,-39 23 02.871,K6.0,K,6,0.01,56.3,0.2,1.810626473,0.608853619,0.690969849,0.065747749,3.53,0.12868709,21.36462715,1.057451028,4264.228497,60.84755145,1.194778418,0.269661659,0.269661659,55.62,26.10389662,10.62097777,0.3,18.68094612,0.3,25.95029444,8.77735346,301,1,1
V836 Tau,V836 Tau,05 03 06.6027,25 23 19.303,M1.0,M,1,0.01,43.1,0.8,1.423,0.248516266,0.651294894,0.065827857,6.773045723,0.240256264,11.87712546,0.43727397,3699.343247,38.53918916,1.34800058,0.189025153,0.189025153,90,-2.57E-05,19.06101929,41.3,5.067981039,14.35368041,10.62940664,1.894251284,31.0576,0,0
WSB 52,WSB 52,16 27 39.4216,-24 39 15.971,K5.0,K,5,0.01,54.4,0.3,1.823333333,0.100166528,0.463333333,0.032145503,6.24,0.345728246,17.94823506,0.577092245,3242.279465,19.41672662,0.933374405,0.483337292,0.483337292,90,-1.17E-05,9.201702474,34.6,0.863997095,8.536167053,14.78323944,1.153442298,32,1,1
WSB 63,WSB 63,16 28 54.0689,-24 47 44.729,M1.5,M,1.5,0.01,67.3,0.5,1.878,0.143415649,0.432633558,0.073665478,12.31,1.277745363,10.4,2.1,3598.429357,32.99891647,0.610012361,0.149163303,0.149163303,90,-2.88E-05,22.26521714,2.2,13.23484728,2.2,7.718371252,0.994612694,26.6,3.1,3.1
DE Tau,DE Tau,04 21 55.6488,27 55 05.708,M2.3,M,2.3,0.01,34.1,1,1.623,0.283444764,0.366147453,0.046118071,5.974064838,0.27321229,9.498027934,0.281299592,3685.816726,7.497818627,1,0.848528137,0.848528137,43.76,18.49118566,9.257979482,9.8,15.5274209,9.8,13.74474596,2.481355443,23,1,1